Flag,Catalog,specobjid,iauidentifier,feh,distance,Pal,DelPM,NNsep,PMtot,e_PMtot,FeH,Vtot,e_Vtot,Vesc,Infalling,Claim
0,J024605.10+312254.29,3614205303224115200,J024605.10+312254.29,-0.27,6.271904945373535,,4.04,16.22,11,4.94,-0.27,654.03,137.45,518.32,X,pHVS
0,J075516.37+662909.15,3611981265693155328,J075516.37+662909.15,-0.72,8.264016151428223,,9.25,16.57,8.95,4.94,-0.72,620.95,146.57,506.21,X,pHVS
0,J082015.88+362223.26,3635608121692495872,J082015.88+362223.26,-0.73,5.230188369750977,,9.05,24.2,24.27,4.7,-0.73,693.64,104.32,523.83,X,pHVS
0,J093103.04+134728.81,3598447651626000384,J093103.04+134728.81,-0.51,8.303656578063965,,5.63,12.95,9.1,4.55,-0.51,577.78,142.13,509.41,,pHVS
0,J131238.82+393312.13,3293396942398187520,J131238.82+393312.13,-0.63,7.252016067504883,,8.57,11.13,22.96,4.75,-0.63,607.16,133.24,531.07,,pHVS
0,J160707.30+372350.97,3903556633543942144,J160707.30+372350.97,-0.11,7.816242694854736,,9.13,19.8,15.83,4.36,-0.11,606.47,121.33,548.79,,pHVS
0,J175010.68+262448.38,2470391312000509952,J175010.68+262448.38,-0.52,6.698966026306152,,4.72,13.32,20.9,4.47,-0.52,694.04,121.97,577.02,,pHVS
1,J000613.04+291353.34,3179714309819230208,J000613.04+291353.34,-0.37,6.240119934082031,,5.54,10.28,14.21,5.05,-0.37,577.28,115.78,532.15,,pHVS
1,J003607.75+141425.65,3527482146757386240,J003607.75+141425.65,-0.8,5.509325981140137,,2.93,10.55,15.58,5.61,-0.8,633.61,117.51,535.56,X,pHVS
1,J032048.82+411455.22,2721308934114666496,J032048.82+411455.22,-0.53,5.342752933502197,,6.16,6.05,17.31,4.92,-0.53,778.87,125.93,523.99,X,pHVS
1,J045025.80-041616.68,3516305335377829888,J045025.80-041616.68,-0.76,5.021480083465576,,16.81,19.63,19.09,4.07,-0.76,707.42,80.53,526.28,,pHVS
1,J063254.61+272941.86,3035552662595594240,J063254.61+272941.86,-0.39,2.8934006690979004,,6.99,7.12,29.44,4.85,-0.39,668.72,69.98,541.36,X,pHVS
1,J064531.12+275042.42,3033231594086230016,J064531.12+275042.42,-0.51,3.272995948791504,,6.35,9.47,20.81,4.32,-0.51,585.28,60.35,537.96,X,pHVS
1,J065412.40+292304.90,3610870758898769920,J065412.40+292304.90,-0.29,3.237387180328369,,2.59,6.93,27.37,3.74,-0.29,682.14,55.6,538.29,X,pHVS
1,J065827.16+291313.17,3610897696933650432,J065827.16+291313.17,-0.7,4.426197052001953,,6.96,5.98,17.96,4.01,-0.7,571.71,60.51,528.28,,pHVS
1,J070025.61+300628.50,3610920236922019840,J070025.61+300628.50,-0.31,3.775049924850464,,3.44,8.13,20.07,3.85,-0.31,632.69,60.65,533.65,X,pHVS
1,J070432.74+284331.30,3609657722728980480,J070432.74+284331.30,-0.75,7.2390899658203125,,3.36,8.37,18.25,4.3,-0.75,791.21,137.29,508.09,,pHVS
1,J070716.03+125729.15,3070499819194705920,J070716.03+125729.15,-0.68,9.739737510681152,,7.83,4.53,9.4,4.25,-0.68,708.4,158.35,494.56,,pHVS
1,J071351.68+392946.37,3313685954211899392,J071351.68+392946.37,-0.62,5.964223384857178,,8.21,7.27,15.81,4.89,-0.62,659.46,116.46,516.92,X,pHVS
1,J072125.29+385314.67,3608521652272472064,J072125.29+385314.67,-0.78,7.435993671417236,,10.17,19.57,9.63,5.03,-0.78,637.68,151.09,507.11,,pHVS
1,J072427.09+403554.18,3608679432191057920,J072427.09+403554.18,-0.65,7.861440181732178,,13.55,11.19,7.5,4.82,-0.65,563.76,145.15,504.55,X,pHVS
1,J073542.36+164941.47,3071621595966498816,J073542.36+164941.47,-0.23,3.982959270477295,,10.43,6.64,28.75,3.97,-0.23,767.38,71.35,533.48,,pHVS
1,J075101.46+375539.93,611472534906365952,J075101.46+375539.93,-0.24,9.481951713562012,,8.76,22.41,22.58,6.56,-0.24,1139.28,244.16,495.47,X,pHVS
1,J075238.30+290658.84,3633400302629134336,J075238.30+290658.84,-0.71,5.561691761016846,,19.43,16.73,18.91,4.76,-0.71,731.34,103.04,520.7,X,pHVS
1,J075243.74+355306.45,1294933096419846144,J075243.74+355306.45,-0.54,9.330789566040039,,8.11,13.89,9.74,5.32,-0.54,621.37,189,496.35,X,pHVS
1,J080132.31+095111.59,3315946000413124608,J080132.31+095111.59,-0.77,11.341736793518066,,2.89,4.74,7.87,4.89,-0.77,629.53,192.6,488.19,,pHVS
1,J080531.08+191443.69,3632247189205524480,J080531.08+191443.69,-0.55,6.590579509735107,,11.55,4.32,13.58,3.69,-0.55,685.38,94.31,514.77,,pHVS
1,J082225.17+334430.61,3634515756672196608,J082225.17+334430.61,-0.43,4.546494960784912,,1.52,9.47,22.61,4.32,-0.43,629.41,77.93,529.14,,pHVS
1,J082552.41-000847.20,1299336372976379904,J082552.41-000847.20,-0.71,10.138833999633789,,5.79,11.17,9.21,5.82,-0.71,696.26,215.82,498.04,,pHVS
1,J082648.83+362414.55,3635554795378548736,J082648.83+362414.55,-0.49,3.825432777404785,,4.67,6.64,24.87,3.4,-0.49,712.75,60.43,535.01,X,pHVS
1,J085000.71+113234.74,3007389496447704064,J085000.71+113234.74,-0.54,8.420868873596191,,10.53,5.09,9.51,4.86,-0.54,583.59,152.57,506.51,,pHVS
1,J090810.59+393808.36,3545604297691602944,J090810.59+393808.36,-0.6,5.161703109741211,,9.76,10.02,14.02,5.44,-0.6,548.19,99.04,526.2,,pHVS
1,J092613.30+201253.07,3734658726729195520,J092613.30+201253.07,-0.52,5.654475212097168,,11.76,4.13,12.01,4.31,-0.52,561.94,89.51,525.23,,pHVS
1,J092625.59+200758.80,3734655153316405248,J092625.59+200758.80,-0.58,5.049016952514648,,25.78,15.36,20.07,4.15,-0.58,733.41,84.38,529.59,,pHVS
1,J093342.56+443657.82,3676217759232008192,J093342.56+443657.82,-0.1,10.20092487335205,,7.41,2.24,12.15,4.55,-0.1,781.78,175.02,495.46,X,pHVS
1,J093644.57+381635.72,3629951958548324352,J093644.57+381635.72,-0.04,11.165853500366211,,4.19,10.97,5,5.12,-0.04,558.73,170.09,490.55,,pHVS
1,J104558.18-004855.54,2712369912029931520,J104558.18-004855.54,0.41,7.902027130126953,,5.33,11.44,14.3,5.72,0.41,582.43,160.17,523.01,,pHVS
1,J145132.12+003258.02,3303552582252783616,J145132.12+003258.02,-0.59,5.8364739418029785,*,9.76,11.09,16.46,8.26,-0.59,632.26,158.78,578.8,X,pHVS
1,J160720.20+372933.41,3903544813793943552,J160720.20+372933.41,-0.53,8.119224548339844,,15.41,15.2,17.29,4.29,-0.53,808.12,130.15,546.87,,pHVS
1,J161837.44+321436.03,3894626675115270144,J161837.44+321436.03,-0.7,4.245029449462891,,4.54,7.99,26.45,3.89,-0.7,598.46,67.14,572.5,X,pHVS
1,J183155.19+205839.07,2853047472085821440,J183155.19+205839.07,-0.21,1.230193018913269,,6.02,6.3,6.84,3.55,-0.21,1096.52,53.73,580.4,,pHVS
1,J183402.98+215017.57,2853193982010222592,J183402.98+215017.57,-0.19,1.7855768203735352,,5.56,7.38,4.93,3.57,-0.19,966.5,41.89,583.23,,pHVS
2,J000727.58+260741.33,,,,,,2.01,4.19,73.75,4.38,-0.73,1043.01,90.24,554.11,,pHVS
2,J001755.41+350541.26,1652875539385444352,J001755.41+350541.26,-0.6,5.208199977874756,,28.87,5.2,25.3,3.76,-0.6,818.31,88.99,537.12,X,pHVS
2,J003450.19+160433.26,3600738484622565376,J003450.19+160433.26,-0.48,3.81181263923645,,16.73,6.98,21.02,4.11,-0.48,602.51,63.5,547.04,X,pHVS
2,J004641.51+245831.75,2317263967556233216,J004641.51+245831.75,-0.77,2.9486491680145264,,7.58,4.85,62.19,3.77,-0.77,896.85,72.69,551.19,X,pHVS
2,J005833.75+003508.71,1219485431075203072,J005833.75+003508.71,-0.49,3.6886677742004395,,25.29,4.99,20.98,3.67,-0.49,599.3,56.03,547.9,X,pHVS
2,J010757.52+464259.66,1657461051186243584,J010757.52+464259.66,-0.68,6.133431911468506,,3.71,4.27,19.76,7.51,-0.68,880.87,203.11,526.14,X,pHVS
2,J010922.05+454520.81,1656211455717959680,J010922.05+454520.81,-0.65,4.882791519165039,,15.68,2.38,16.4,4.33,-0.65,615.48,88.23,534.73,X,pHVS
2,J011011.24+473038.04,1657472596058335232,J011011.24+473038.04,-0.34,5.4894490242004395,,14.59,3.06,26.5,4.11,-0.34,831.56,116.47,530.44,X,pHVS
2,J011226.04+472051.64,1657491562633914368,J011226.04+472051.64,-0.46,5.500494003295898,,20.79,4.41,19.29,4.42,-0.46,748.68,109.61,530.2,,pHVS
2,J011326.87+263336.54,2319457499243112448,J011326.87+263336.54,-0.6,5.0595502853393555,,12.49,5.88,26.68,3.45,-0.6,729.83,84.87,533.47,X,pHVS
2,J011933.46+384913.06,2321704070923970560,J011933.46+384913.06,-0.67,3.34137225151062,,3.8,4.43,65.46,4.07,-0.67,998.85,91.54,545.39,,pHVS
2,J012306.01+403951.23,2630203124853270528,J012306.01+403951.23,-0.13,3.111178159713745,,8.57,4.03,45.26,3.59,-0.13,859.32,64.7,546.99,X,pHVS
2,J022949.86+005939.54,3520847969245044736,J022949.86+005939.54,-0.51,4.58204984664917,,20.04,4.39,14.65,3.83,-0.51,566.5,64.3,533.76,,pHVS
2,J023000.98+255656.41,2701145814973048832,J023000.98+255656.41,-0.71,2.901209592819214,,10.06,5.64,30.86,3.72,-0.71,625.33,53.78,544.97,X,pHVS
2,J023849.85+281023.60,3555736297140232192,J023849.85+281023.60,-0.37,8.167922973632812,,9.24,8.75,15.07,7.22,-0.37,820.15,248.68,506.43,,pHVS
2,J025347.64+323620.59,3614302884881080320,J025347.64+323620.59,-0.44,5.967350482940674,,23.17,7.44,19.42,4.54,-0.44,907.05,126.76,520.07,X,pHVS
2,J030746.77+371352.88,2750594981377894400,J030746.77+371352.88,-0.17,4.9913811683654785,,9.53,3.9,14.57,7.36,-0.17,612.38,139.89,526.76,,pHVS
2,J031208.74+423108.62,2721399368946051072,J031208.74+423108.62,-0.5,3.868058204650879,,13.16,1.82,20.12,4.09,-0.5,662.01,77.04,535.85,,pHVS
2,J032254.29+414358.54,1875912572457216000,J032254.29+414358.54,-0.48,5.053369045257568,,5.58,9.02,20.78,5.47,-0.48,709.88,129.63,526.12,,pHVS
2,J033730.09+002025.04,2329659312344950784,J033730.09+002025.04,-0.66,5.036232948303223,,19.05,10.2,23.85,6.25,-0.66,726.92,123.49,526.97,,pHVS
2,J044753.84-050857.18,3516266302715043840,J044753.84-050857.18,-0.72,3.5184996128082275,,15.6,4.91,22.66,3.83,-0.72,617.02,58.24,538.35,,pHVS
2,J044827.52+221051.07,3038943835477534720,J044827.52+221051.07,-0.38,2.7062573432922363,,29.2,5.53,28.22,4.39,-0.38,724.92,70.09,543.05,X,pHVS
2,J044830.91-002830.10,897387618575083520,J044830.91-002830.10,-0.61,8.007984161376953,,25.78,3.88,16.74,4.55,-0.61,713.78,147.31,505.26,,pHVS
2,J045357.17-045059.85,3516224796151095296,J045357.17-045059.85,-0.63,6.077096939086914,,26.36,5.65,21.03,4.3,-0.63,817.33,105.34,518.75,X,pHVS
2,J045649.71-052107.43,3516186313244123136,J045649.71-052107.43,-0.5,4.236241817474365,,17.33,3.55,19.23,3.47,-0.5,620.98,59.54,532.5,,pHVS
2,J051955.34+622136.19,2589675125750130688,J051955.34+622136.19,-0.39,1.4632798433303833,,2.94,3.87,90.93,4.83,-0.39,1017.83,66.58,557.25,,pHVS
2,J053055.16+624225.68,2591942868935403520,J053055.16+624225.68,-0.11,4.420748710632324,,16.93,4.7,20.53,4.17,-0.11,694.95,81.54,531.34,X,pHVS
2,J060306.77+825829.20,2868837837392865280,J060306.77+825829.20,-0.06,3.2486376762390137,,3.38,5.62,56.08,3.72,-0.06,726.94,75.37,545.7,,pHVS
2,J063344.83+274319.62,3035571354293266432,J063344.83+274319.62,-0.49,3.326929807662964,,26.95,7.31,19.9,4.08,-0.49,614.63,63.72,537.44,X,pHVS
2,J063431.49+270651.41,3035567506002569216,J063431.49+270651.41,-0.78,4.376172065734863,,2.52,5.85,17.52,9.1,-0.78,710.81,166.77,528.58,X,pHVS
2,J063533.05+264104.75,3035458654351419392,J063533.05+264104.75,-0.59,3.382629156112671,,8.66,7.07,31.83,3.39,-0.59,842.99,66.91,536.99,,pHVS
2,J064257.02+371604.28,3019716950302418944,J064257.02+371604.28,-0.33,1.810065746307373,,5.13,4.57,49.09,3.6,-0.33,636.86,40.83,551.83,,pHVS
2,J064337.13+291410.01,3033269527237388288,J064337.13+291410.01,-0.55,2.903106927871704,,2.37,6.3,38.09,3.64,-0.55,798.77,57.31,541.26,X,pHVS
2,J064542.77+365019.92,3039944391109142528,J064542.77+365019.92,-0.64,2.9112110137939453,,22.34,6.05,23.74,3.94,-0.64,595.41,49.85,541.15,X,pHVS
2,J064751.76+280407.08,3012948078119380992,J064751.76+280407.08,-0.29,2.5078392028808594,,3.83,4.81,68.27,3.38,-0.29,723.24,78.21,545.02,X,pHVS
2,J065126.35+281237.57,3033200807760652288,J065126.35+281237.57,-0.46,4.715200901031494,,10.68,4.14,44.86,4.28,-0.46,1371.39,115.8,525.95,,pHVS
2,J065128.81+830620.38,2868802653020776448,J065128.81+830620.38,0.08,6.8921027183532715,,6.86,8.92,50.57,3.98,0.08,2008.7,177.08,519.63,X,pHVS
2,J065258.59+292553.47,3033349791586215936,J065258.59+292553.47,-0.38,3.830103635787964,,2.2,3.82,58.05,3.73,-0.38,955.7,93.81,533.13,X,pHVS
2,J065319.11+291712.28,3013079744636807168,J065319.11+291712.28,-0.34,2.542070150375366,,6.27,6.6,62.01,3.39,-0.34,1068.78,71.09,544.69,X,pHVS
2,J065353.13+291842.71,3033345668417611776,J065353.13+291842.71,-0.63,3.5724895000457764,,21.65,5.33,29.2,4.23,-0.63,667.24,64.77,535.35,X,pHVS
2,J065919.68+122028.30,3070405261194717184,J065919.68+122028.30,-0.7,3.2915875911712646,,17.01,5.86,22.24,3.27,-0.7,654.12,54.23,539.26,X,pHVS
2,J070102.98+123754.14,3070449516537735168,J070102.98+123754.14,-0.53,4.079380512237549,,16.95,4.12,18.04,3.77,-0.53,599.28,62.87,532.6,X,pHVS
2,J070103.95+293953.96,3610913639852253184,J070103.95+293953.96,-0.48,3.3839406967163086,,16,7.08,29.76,3.46,-0.48,815.82,64.64,537.05,,pHVS
2,J070126.09+294925.06,3609688234176651264,J070126.09+294925.06,-0.47,2.188556432723999,,1.03,7.12,37.49,4.44,-0.47,666.27,47.95,548.15,,pHVS
2,J070132.92+124539.10,3070460511654012928,J070132.92+124539.10,-0.33,5.720513343811035,,22.25,2.26,20.1,3.88,-0.33,781.61,99.06,519.97,,pHVS
2,J070327.47+120225.34,3070375849258674176,J070327.47+120225.34,-0.42,4.3704023361206055,,24.77,3.15,20.62,3.62,-0.42,666.52,66.01,530.37,,pHVS
2,J070442.41+122720.32,3053482127891916800,J070442.41+122720.32,-0.23,2.709794044494629,,3.16,3.89,36.36,3.57,-0.23,737.24,55.46,544.49,,pHVS
2,J070500.87+124738.14,3070480302863312896,J070500.87+124738.14,-0.43,4.4723992347717285,,3.23,2.6,45.47,4.45,-0.43,1100.12,113.55,529.47,,pHVS
2,J070533.27+393721.42,3313642523502602240,J070533.27+393721.42,-0.77,5.633681774139404,,19.94,6.76,18.25,3.92,-0.77,756.58,93.8,519.18,,pHVS
2,J070537.17+132309.48,3070497345293543424,J070537.17+132309.48,-0.65,7.789768695831299,,17.94,6.98,17.36,4.36,-0.65,743.61,157.44,506.01,,pHVS
2,J070555.14+133525.75,3070494871392380928,J070555.14+133525.75,-0.56,5.925403594970703,,14.86,5.05,21.74,3.6,-0.56,804.79,98.92,518.45,X,pHVS
2,J070657.47+122724.97,3070338190985422848,J070657.47+122724.97,-0.7,3.1105432510375977,,8.56,4.1,34.99,4.67,-0.7,709.5,67.95,540.93,X,pHVS
2,J070723.06+304340.66,3609791588269662208,J070723.06+304340.66,-0.48,2.914893388748169,,6.09,7.44,30.11,3.42,-0.48,663.39,55.2,541.29,X,pHVS
2,J071409.76+305127.87,3557976552065048576,J071409.76+305127.87,-0.52,9.962054252624512,,25.74,1.83,21.61,4.33,-0.52,1410,195.2,491.96,,pHVS
2,J071539.69+391306.21,3608579376632930304,J071539.69+391306.21,-0.47,3.669492721557617,,16.75,7.2,27.04,3.85,-0.47,682.27,66.01,534.76,X,pHVS
2,J072331.00+374628.22,3317038640110004224,J072331.00+374628.22,-0.22,10.759199142456055,,21.08,10.36,23.96,8.43,-0.22,1548.43,357.77,487.88,X,pHVS
2,J072334.82+403014.50,3608667887318966272,J072334.82+403014.50,-0.59,8.17595100402832,,26.25,6.22,25.16,4.66,-0.59,1333.03,177.4,502.59,X,pHVS
2,J072836.28+343351.93,2334049943058147328,J072836.28+343351.93,-0.66,7.721279621124268,,18.75,2.03,16.45,4.93,-0.66,886.27,154.72,505.37,X,pHVS
2,J073123.11+161628.13,3071588610617665536,J073123.11+161628.13,-0.66,3.411186456680298,,23.85,4.31,21.49,4.1,-0.66,577.56,56.1,538.25,,pHVS
2,J073554.05+221533.98,2340850141742865408,J073554.05+221533.98,-0.33,3.9940009117126465,,31.65,8.87,27.64,4.56,-0.33,753.04,75.78,532.84,,pHVS
2,J074232.64+211017.80,2340753659597528064,J074232.64+211017.80,0.39,16.211870193481445,,3.57,4.18,13.92,5.19,0.39,1117.9,335.38,463.76,,pHVS
2,J074256.46+275946.95,2336352045562357760,J074256.46+275946.95,-0.75,11.519408226013184,,3.22,5.9,5.28,5.6,-0.75,593.46,214.59,484.54,,pHVS
2,J074317.75+191459.14,2335226690495604736,J074317.75+191459.14,-0.61,5.992702007293701,*,9.43,8.04,18.74,5.34,-0.61,628.15,121.46,518.14,X,pHVS
2,J074344.91+182640.94,3282132444312004608,J074344.91+182640.94,-0.6,10.759672164916992,,11.14,11.3,49.7,6.38,-0.6,2558.24,347.11,489.28,X,pHVS
2,J074546.28+172248.30,3282010673399228416,J074546.28+172248.30,-0.33,4.896396160125732,,22.5,1.36,18.69,3.7,-0.33,613.54,72.82,526.47,X,pHVS
2,J074722.67+283724.79,2336379258475145216,J074722.67+283724.79,-0.34,3.8953680992126465,,25.3,5.6,24.57,4.59,-0.34,643.69,65.15,533.51,,pHVS
2,J074801.28+181904.32,2335280291687458816,J074801.28+181904.32,-0.57,6.8041090965271,,7.64,11.61,31.22,5.13,-0.57,953.85,146.37,512.84,,pHVS
2,J074811.00+282130.39,3633388208001228800,J074811.00+282130.39,-0.71,6.341246128082275,,16.66,7.99,13.56,4.61,-0.71,630.38,114.25,515.09,X,pHVS
2,J074920.08+175147.75,3072655411824846848,J074920.08+175147.75,-0.59,5.549190998077393,,21.18,14.21,17.39,6.6,-0.59,705.93,135.81,521.67,,pHVS
2,J075209.71+273214.34,3633321962425655296,J075209.71+273214.34,-0.7,8.834563255310059,,0.7,5.62,20.08,5.14,-0.7,1133.74,176.79,499.44,,pHVS
2,J075627.42+274144.58,3633428615053549568,J075627.42+274144.58,-0.68,6.755337715148926,,3.43,4,12.86,5.71,-0.68,638.46,136.14,512.58,,pHVS
2,J080201.62+200637.31,3560217906635710464,J080201.62+200637.31,-0.75,6.787587642669678,,2.3,5.65,21.29,6.6,-0.75,925.51,172.23,513.22,,pHVS
2,J081210.06+001211.10,1293790984739514368,J081210.06+001211.10,-0.57,10.00313663482666,,7.63,8.93,8.76,5.85,-0.57,674.03,206.79,498,,pHVS
2,J081932.03+001947.36,2338656074124519424,J081932.03+001947.36,-0.69,6.2440385818481445,,23.69,1.16,20.1,4.49,-0.69,698.55,103.05,521.47,X,pHVS
2,J082249.67+461416.29,3573666308585267200,J082249.67+461416.29,-0.67,8.047001838684082,,13.09,6.26,15.31,4.64,-0.67,837.2,152.66,505.2,X,pHVS
2,J082324.46+160507.22,3636766456923922432,J082324.46+160507.22,-0.56,6.740633487701416,,28.24,5.06,10.77,4.48,-0.56,598.32,106.68,514.96,,pHVS
2,J082410.12+301833.52,3589375581134888960,J082410.12+301833.52,-0.68,6.152039051055908,,20.49,8.81,22.81,4.58,-0.68,878.22,114.81,517.53,,pHVS
2,J082456.26+323805.79,3582729308172558336,J082456.26+323805.79,-0.75,5.747745990753174,,21.62,3.43,21.24,4.2,-0.75,742.61,94,520.31,X,pHVS
2,J082622.27+132728.33,3597333846313508864,J082622.27+132728.33,-0.51,6.553239822387695,,25.87,7.02,23.5,3.82,-0.51,966.43,109.89,516.78,,pHVS
2,J082716.24-050251.01,3184125550234986496,J082716.24-050251.01,-0.62,8.956023216247559,,17.62,2.26,22.53,3.99,-0.62,941.63,158.41,506.31,X,pHVS
2,J082756.04+011028.70,1299446599017064448,J082756.04+011028.70,-0.64,11.419031143188477,,11.99,4.44,17.85,8.12,-0.64,972.73,342.5,490.94,X,pHVS
2,J082813.98-052143.88,3184126649746614272,J082813.98-052143.88,-0.51,7.0713605880737305,,20.16,1.77,13.18,3.79,-0.51,633.7,102.34,518.12,,pHVS
2,J084115.30+062000.96,3707720692066787328,J084115.30+062000.96,-0.49,3.9479129314422607,,30.32,12.42,31.98,3.78,-0.49,818.87,71.58,537.86,,pHVS
2,J084210.86+052305.58,3707631356747030528,J084210.86+052305.58,-0.7,5.585810661315918,,26.44,7.15,21.01,4.2,-0.7,649.04,98.01,525.95,,pHVS
2,J085149.94+181136.17,2566089777136822272,J085149.94+181136.17,-0.34,3.565014362335205,,5.76,5.18,77.5,3.45,-0.34,1236.33,102.05,539.41,,pHVS
2,J085508.04+031505.41,3279883668641835008,J085508.04+031505.41,-0.79,13.280559539794922,,3.44,8.34,6.97,5.85,-0.79,683.28,252.49,482.67,X,pHVS
2,J085545.13+021458.07,3251634466195531776,J085545.13+021458.07,-0.56,2.961613416671753,,8.66,4.97,61.73,4.05,-0.56,799.08,77.92,547.25,,pHVS
2,J090003.97+111858.98,2899236858875635712,J090003.97+111858.98,-0.43,6.64680814743042,,5.55,4.09,23.64,6.64,-0.43,673.69,170.45,518.4,X,pHVS
2,J090243.81+272032.84,2177495423957100544,J090243.81+272032.84,-0.16,3.13987135887146,,23.22,2.43,23.16,3.74,-0.16,578.4,46.66,542.48,,pHVS
2,J090534.10+405537.78,1351140680990222336,J090534.10+405537.78,-0.46,3.595848798751831,,22.48,1.81,18.66,3.94,-0.46,563.29,52.92,538.26,,pHVS
2,J092619.98+092919.75,3736927843968458752,J092619.98+092919.75,-0.46,7.597133159637451,,15.97,14.5,14.46,5.36,-0.46,718.88,163.8,514.41,X,pHVS
2,J092843.92+220642.44,2577328160362227712,J092843.92+220642.44,-0.67,3.8777387142181396,,3.25,4.91,68.53,4.95,-0.67,1338.61,113.62,538.3,X,pHVS
2,J093913.73+382905.11,3629940138798325760,J093913.73+382905.11,-0.59,4.096738815307617,,19.14,4.53,18.9,4.05,-0.59,589.52,62.1,535.8,,pHVS
2,J095629.99+454906.20,3595097989384871936,J095629.99+454906.20,-0.51,5.021881103515625,,6.03,12.43,66.85,11.68,-0.51,1839.31,232.81,529.52,X,pHVS
2,J095803.54-001725.30,3228019429493204992,J095803.54-001725.30,-0.64,4.050605297088623,*,7.01,14.35,61.57,7.26,-0.64,1300.81,132.62,543.6,X,pHVS
2,J100054.80+004357.35,3228102167743195136,J100054.80+004357.35,-0.53,7.920483589172363,,13.98,12.49,19.07,8.21,-0.53,865.6,228.83,517.69,X,pHVS
2,J101131.78+142840.00,3658207758634819584,J101131.78+142840.00,-0.59,3.363739013671875,,17.59,9.87,28.75,4.09,-0.59,649.77,58.46,546.2,,pHVS
2,J102707.26+281435.48,3671703989004640256,J102707.26+281435.48,-0.67,3.5774996280670166,,20.1,4.33,24.3,3.82,-0.67,634.29,58.42,543.49,,pHVS
2,J103026.65+080707.69,3230212130137466880,J103026.65+080707.69,-0.57,5.1318359375,,3.35,6.06,15.12,5.48,-0.57,591.3,103.39,536.54,,pHVS
2,J104613.69-002513.53,2712350670576445440,J104613.69-002513.53,-0.66,8.998760223388672,,14.97,11.42,18.83,5.81,-0.66,845.51,207.09,516.21,X,pHVS
2,J110404.21+021650.31,3651343233168023552,J110404.21+021650.31,0.27,7.547149181365967,,8.54,3.41,11.42,5.34,0.27,577.05,144.33,526.24,,pHVS
2,J112714.55-005301.33,3640151578868031488,J112714.55-005301.33,-0.01,6.257874965667725,,7.95,8.17,21.06,7.2,-0.01,635.29,167.48,538.58,,pHVS
2,J112847.51+653746.44,3743771479670628352,J112847.51+653746.44,-0.33,6.628460884094238,,7.22,7.07,11.23,5.17,-0.33,598.94,119.05,522.95,X,pHVS
2,J113237.93-072241.78,3238250112023029760,J113237.93-072241.78,-0.65,7.765783786773682,,13.26,12.62,15.65,5.85,-0.65,633.14,172.39,532.66,,pHVS
2,J124313.57+151414.82,3664915604281860096,J124313.57+151414.82,-0.35,8.568928718566895,,2.07,2.48,11.89,5.03,-0.35,738.65,159.74,528.47,,pHVS
2,J141834.05+501941.07,1176603381519640576,J141834.05+501941.07,-0.75,2.422126054763794,,6.79,22.58,46.92,6.14,-0.75,592.12,65.21,562.43,,pHVS
2,J145021.46+105714.46,3814638302699560960,J145021.46+105714.46,-0.42,9.19678783416748,,14.16,7.89,10.38,4.88,-0.42,666.27,161.97,550.65,X,pHVS
2,J160419.74+365623.57,3916019048239964160,J160419.74+365623.57,-0.36,2.5623159408569336,,3.62,10.74,57.5,7.27,-0.36,804.97,81.92,572.75,,pHVS
2,J172630.61+075544.10,3172861331472672768,J172630.61+075544.10,-0.67,3.4841468334198,,3.92,3.84,59.71,4.06,-0.67,991.56,100.06,598.74,X,pHVS
2,J173132.55+352937.44,3706634100069736448,J173132.55+352937.44,-0.54,4.905727386474609,,2.23,9.28,49.87,3.85,-0.54,1099.29,113.8,572.8,,pHVS
2,J173241.12+090358.50,3172944069722662912,J173241.12+090358.50,-0.73,4.940892219543457,,21.16,3.93,22.98,4.82,-0.73,863.01,107.17,603.49,X,pHVS
2,J173453.83+075628.50,3172793986385471488,J173453.83+075628.50,-0.79,1.5173051357269287,,11.36,4.43,75.06,3.69,-0.79,790.84,48.85,585.43,,pHVS
2,J173604.78+324805.39,2546803259025156096,J173604.78+324805.39,-0.6,4.762840270996094,,35.1,6.13,20.61,4.82,-0.6,638.81,88.95,576.17,X,pHVS
2,J173620.31+322415.89,2546790889519343616,J173620.31+322415.89,-0.23,4.65477180480957,,24.51,9.17,21.95,4.52,-0.23,637.35,83.09,576.9,X,pHVS
2,J173712.93+321518.17,2546789515129808896,J173712.93+321518.17,-0.33,4.937323570251465,,21.38,6.56,22.33,4.62,-0.33,680.87,89.71,576.25,X,pHVS
2,J182630.57+215302.70,2862143182060152832,J182630.57+215302.70,-0.54,4.224299430847168,,15.94,4.68,20.61,4.11,-0.54,712.94,82.58,590.25,,pHVS
2,J192541.52+375541.93,3176314069120556032,J192541.52+375541.93,-0.24,2.6953001022338867,,8.81,4.97,52.26,4.83,-0.24,782.55,79.17,576.49,,pHVS
2,J192601.70+383506.80,3176334135207762944,J192601.70+383506.80,-0.27,4.4324951171875,,23.42,4.36,25.56,3.78,-0.27,716.87,81.39,572.41,X,pHVS
2,J202021.64+140742.90,2541252357610563584,J202021.64+140742.90,-0.37,4.152515888214111,,24.18,3.48,23.59,3.91,-0.37,765.75,81.51,585.89,,pHVS
2,J202223.58+143533.38,2541247959564052480,J202223.58+143533.38,-0.43,3.6177818775177,,3.68,4.17,62.21,4.05,-0.43,1241.64,115.16,585.23,,pHVS
2,J203608.68-060057.17,713892595255764992,J203608.68-060057.17,-0.52,5.6419572830200195,,3.57,4.88,20.53,7.17,-0.52,678.46,152.05,591.69,X,pHVS
2,J203608.79+151728.35,2542412079512446976,J203608.79+151728.35,-0.37,3.754842519760132,,35.18,4.49,29.27,3.85,-0.37,699.18,64.29,582.42,X,pHVS
2,J204056.87-062124.09,2158434843489232896,J204056.87-062124.09,-0.67,4.305508136749268,,23.92,5.41,25.51,4.64,-0.67,687.4,81.8,591.39,X,pHVS
2,J204132.64+152708.00,2542450287541512192,J204132.64+152708.00,-0.43,11.959197998046875,,34.96,5.67,17.88,4.41,-0.43,1324.12,231.47,538.74,X,pHVS
2,J204527.99-010125.19,2149369365152163840,J204527.99-010125.19,-0.33,6.159491539001465,,20.62,1.51,20.61,3.69,-0.33,751.69,101.64,584.27,X,pHVS
2,J205144.77+160355.64,2543560506606643200,J205144.77+160355.64,-0.39,2.557441473007202,,8.21,4.29,64.1,3.83,-0.39,938.99,65.98,579.6,,pHVS
2,J212043.19+103111.32,2129085299379169280,J212043.19+103111.32,-0.56,3.526690721511841,,22.19,3.08,27.26,3.99,-0.56,633.39,59.03,576.75,X,pHVS
2,J212101.55+000256.18,1713672483963430912,J212101.55+000256.18,-0.57,3.2870330810546875,,1.26,3.73,48.79,4.21,-0.57,1016.32,79.7,580.4,X,pHVS
2,J212128.12+103730.26,2128125700589250560,J212128.12+103730.26,-0.56,2.8089053630828857,,3.76,4.49,66.52,3.69,-0.56,1057.95,77.19,577.37,X,pHVS
2,J212702.61+002702.38,1712612829850265600,J212702.61+002702.38,-0.74,2.361173391342163,,5.1,4.63,69.64,4.01,-0.74,904.9,67.72,579.09,X,pHVS
2,J215855.40+445204.60,2889105138264336384,J215855.40+445204.60,-0.14,2.3426766395568848,,2.16,4.4,63.72,4.42,-0.14,914.28,84.99,565.88,,pHVS
2,J215946.78+004400.23,1659720822794774528,J215946.78+004400.23,-0.46,2.330544948577881,,12,4.46,53.77,3.97,-0.46,614.53,50.57,575.04,,pHVS
2,J220204.45+454351.67,2889196947485255680,J220204.45+454351.67,-0.06,2.7866034507751465,,10.33,4.03,63.33,3.54,-0.06,1065,97.33,563.49,,pHVS
2,J222514.87+392654.87,2950009837179660288,J222514.87+392654.87,-0.4,3.827723264694214,,8.93,5,69.71,3.49,-0.4,1563.72,133.94,557.4,,pHVS
2,J225912.13+074356.53,2617838847928592384,J225912.13+074356.53,-0.56,4.5863728523254395,,9.65,17.57,44.9,5.58,-0.56,929.62,121.69,556.45,,pHVS
2,J232545.03-011344.09,837714923311097856,J231445.85+135233.36,-0.77,2.415966749191284,,4.18,6.62,104.67,4.69,-0.79,1119.07,106.35,565.47,,pHVS
2,J232939.29+493558.21,1232887378322941952,J232545.03-011344.09,-0.79,2.4147560596466064,,8.97,3.93,58.37,3.86,-0.69,1478.06,129.95,551.89,X,pHVS
2,J233759.54+451444.91,2124610836826712064,J233759.54+451444.91,-0.4,3.033045768737793,,0.82,16.95,65.19,9.59,-0.4,1144.33,124.32,554.62,X,pHVS
2,J234446.22+462721.49,2124746626512742400,J234446.22+462721.49,-0.44,4.31095552444458,*,22.54,5.21,26.5,4.47,-0.44,726.15,80.6,545.4,X,pHVS
3,J001706.67+340346.40,1652887359135442944,J001706.67+340346.40,-0.63,2.8317461013793945,,10.19,5.24,73.34,6.52,-0.63,1230.97,104.87,553.74,X,pHVS
3,J003030.11+142549.36,3600714845122568192,J003030.11+142549.36,-0.51,3.9303832054138184,,21.85,6.56,33.73,4.48,-0.51,801.89,82.74,546.9,X,pHVS
3,J003132.99+142700.94,3527522828687613952,J003132.99+142700.94,-0.53,2.6396942138671875,,1.83,7.29,177.22,5.2,-0.53,2297.58,179.26,555.62,,pHVS
3,J003650.58+065828.59,2603127650968954880,J003650.58+065828.59,-0.4,1.384055733680725,,13.12,18.87,64.47,10.54,-0.4,649.74,60,564.27,X,pHVS
3,J005352.32-010539.37,443615865385019392,J005352.32-010539.37,-0.71,5.836184024810791,,43.49,15.46,42,9.07,-0.71,1113.18,223.07,534.15,,pHVS
3,J011935.66+010127.60,1688971693755754496,J011935.66+010127.60,-0.73,3.954716444015503,,13.13,15.02,35.85,6.78,-0.73,887.96,100.19,543.93,,pHVS
3,J011957.58+243941.89,2319357993440798720,J011957.58+243941.89,-0.62,5.166036605834961,,13.81,3.73,27.08,6.89,-0.62,672.68,142.58,532.27,X,pHVS
3,J012144.78+001143.23,1690067357260605440,J012144.78+001143.23,-0.65,3.054295301437378,,12.03,9.63,139.47,3.67,-0.65,2342.53,161.98,550.39,X,pHVS
3,J012336.43+393656.01,2321716165551876096,J012336.43+393656.01,-0.31,3.8387904167175293,,29.11,5.03,33.78,4.94,-0.31,603.13,81.87,541.33,,pHVS
3,J012419.02+383757.33,2322790662921021440,J012419.02+383757.33,-0.49,3.474144697189331,,14.69,4.39,37.51,4.13,-0.49,638.51,70.53,544.06,X,pHVS
3,J015016.53+143259.09,2138233786280732672,J015016.53+143259.09,-0.53,5.667881965637207,,31.18,3.07,16.53,6.44,-0.53,716.53,138.35,527.02,X,pHVS
3,J021739.93+000937.94,1697952216666630144,J021739.93+000937.94,-0.59,2.351160764694214,,26.89,7.75,30.83,4.29,-0.59,563.37,43.73,552.15,,pHVS
3,J023208.00+000501.81,3520854016558997504,J023208.00+000501.81,-0.62,5.261904716491699,,33.25,5.11,19.9,5.84,-0.62,757.18,109.76,528.8,X,pHVS
3,J025450.19+333158.47,2699962740528670720,J025450.19+333158.47,-0.7,2.9838128089904785,,15.39,3.86,42.79,3.93,-0.7,739.77,62.17,543.29,X,pHVS
3,J030012.05+061433.53,2614466914688198656,J030012.05+061433.53,-0.61,4.923596382141113,,24.55,4.29,19.43,7.07,-0.61,677.29,140.5,528.62,X,pHVS
3,J030053.81+344528.81,2700074615836796928,J030053.81+344528.81,-0.25,5.188253402709961,,14.01,8.05,75.04,3.74,-0.25,2494.56,208.42,525.44,,pHVS
3,J030445.87+374854.17,2750706306930206720,J030445.87+374854.17,-0.55,3.0942461490631104,,34.55,4.23,64.39,3.92,-0.55,1202.46,85.95,542.2,X,pHVS
3,J032055.61+412207.99,2698939369997232128,J032055.61+412207.99,-0.41,2.014803647994995,,5.58,4.6,68.69,9.35,-0.41,767.77,85.3,551.74,,pHVS
3,J053553.16+004051.61,2333020520297031680,J053553.16+004051.61,-0.14,3.9253742694854736,,23.65,6.32,25.18,5.05,-0.14,879.44,107.01,534.07,X,pHVS
3,J062625.69+270008.36,3035523800415365120,J062625.69+270008.36,-0.42,3.520678758621216,,16.11,9.69,43.05,3.89,-0.42,1226.51,101.22,535.75,,pHVS
3,J063625.61+272450.83,3035593069647915008,J063625.61+272450.83,-0.36,4.242648601531982,,12.86,4.47,17.99,5.3,-0.36,682.62,103.77,529.66,,pHVS
3,J064618.68+282553.77,3013032465636812800,J064618.68+282553.77,-0.72,2.142857551574707,,6.12,3.6,47.73,9.92,-0.72,764.08,91.56,548.55,X,pHVS
3,J064716.52+284807.14,3013040162218207232,J064716.52+284807.14,-0.1,2.093531370162964,,13.07,7.06,68.87,4.32,-0.1,884.6,65.25,549.03,,pHVS
3,J065138.67+365934.81,3039931196969609216,J065138.67+365934.81,-0.65,3.989948272705078,,4.44,4.98,164.49,6.64,-0.65,3484.53,285.85,531.75,X,pHVS
3,J065351.69+274904.65,3033176343626934272,J065351.69+274904.65,-0.23,5.216363430023193,,15.68,3.43,49.19,4.22,-0.23,1310.47,136.01,522.13,X,pHVS
3,J070157.88+304405.24,3609738811711528960,J070157.88+304405.24,-0.78,5.71619176864624,,13.73,4.45,75.95,4.95,-0.78,2223.08,222.41,518.44,X,pHVS
3,J071033.40+392823.81,3313677432996784128,J071033.40+392823.81,-0.67,3.5921950340270996,,62.08,6.04,20.49,12.84,-0.67,602.77,173.47,535.36,,pHVS
3,J072523.53+350313.28,2334070558901168128,J072523.53+350313.28,-0.44,3.504772663116455,,9.22,4.17,61.39,6.79,-0.44,1258.16,121.21,536.24,X,pHVS
3,J072944.56+382459.95,3317068052046047232,J072944.56+382459.95,-0.24,3.7519712448120117,,5.52,4.37,93.72,8.57,-0.24,1830.41,171.01,534.24,,pHVS
3,J073643.79+315016.42,609137171235891200,J073643.79+315016.42,-0.16,1.7638850212097168,,14.63,4.21,65.64,3.56,-0.16,662.53,43.18,552.72,,pHVS
3,J073921.43+444537.50,1954670316500314112,J073921.43+444537.50,-0.42,2.3066623210906982,,44.86,2.55,30.82,3.5,-0.42,590.71,40.11,547.6,,pHVS
3,J074030.04+183712.50,3282104131887589376,J074030.04+183712.50,-0.38,5.9862446784973145,,15.62,7.48,11.81,5.25,-0.38,583.84,109.89,518.17,,pHVS
3,J074335.68+220616.73,2339789113005284352,J074335.68+220616.73,0.03,2.930112600326538,,9.49,4.23,31.34,5.21,0.03,603.56,64.6,542.16,,pHVS
3,J074713.75+440557.56,3631192482609471488,J074713.75+440557.56,-0.75,4.125068187713623,,9.46,3.99,67.08,6.16,-0.75,1649.28,137.15,531.71,X,pHVS
3,J074754.55+184731.02,2335278367542110208,J074754.55+184731.02,-0.54,6.109973907470703,,25.66,4.91,47.43,4.77,-0.54,1504.15,147.11,517.51,X,pHVS
3,J074931.54+264335.66,3633339004855885824,J074931.54+264335.66,-0.43,6.464858531951904,,20.63,3.24,11.12,5.21,-0.43,566.96,116.44,514.38,X,pHVS
3,J075105.68+101437.34,3315868209965459456,J075105.68+101437.34,-0.61,5.607757091522217,,24.19,5.05,22.79,6.24,-0.61,602.96,126.16,522.48,,pHVS
3,J075408.99+191118.42,3072704065214375936,J075408.99+191118.42,-0.34,6.470381736755371,*,12.06,11.04,46.96,7.92,-0.34,1664.45,226.47,515.18,X,pHVS
3,J075658.96+180737.83,3560177774461296640,J075658.96+180737.83,-0.49,1.9305239915847778,,2.27,4.25,79.67,5.98,-0.49,692.07,67.3,552.08,X,pHVS
3,J080536.09-065908.68,3183014768344590336,J080536.09-065908.68,-0.26,4.195312976837158,,13.65,4.11,59.82,4.98,-0.26,1142.29,122.6,537.73,X,pHVS
3,J080837.26-000715.91,1293743430861613056,J080837.26-000715.91,-0.63,9.740891456604004,,14.91,3.17,9.41,5.54,-0.63,633.65,189.01,499.38,,pHVS
3,J081928.51+003548.56,2316131753292490752,J081928.51+003548.56,-0.12,2.072190284729004,,3.29,5.43,46.39,5.41,-0.12,662.95,51.56,553.59,,pHVS
3,J083123.42-032924.01,3184157985828005888,J083123.42-032924.01,-0.45,6.187959671020508,,13.32,7.04,52.85,3.69,-0.45,1807.69,149.45,523.57,,pHVS
3,J083829.91+175601.98,2564901754873341952,J083829.91+175601.98,-0.63,5.075746536254883,,28.93,17.04,48.91,7.04,-0.63,1206.72,159.26,527.08,X,pHVS
3,J085031.60+112058.04,3002907062435945472,J085031.60+112058.04,-0.27,1.1554969549179077,,130.3,4.89,125.91,3.47,-0.27,637.7,51.53,561.27,,pHVS
3,J085405.73+204300.13,2569381714530953216,J085405.73+204300.13,-0.37,1.6291639804840088,,10.09,3.48,55.3,6,-0.37,587.43,44.5,556.16,X,pHVS
3,J091524.87+310005.13,2703386619737565184,J091524.87+310005.13,-0.4,4.853305339813232,,21.16,4.67,38.22,4.1,-0.4,1129.65,95.8,529.2,,pHVS
3,J092426.67+230304.36,2611131271891412992,J092426.67+230304.36,-0.78,5.033995151519775,,15.39,5.92,44.59,4.02,-0.78,1323.95,113.53,529.17,,pHVS
3,J092821.06+071041.31,2704454802129053696,J092821.06+071041.31,-0.71,4.278710842132568,,5.51,4.32,74.93,7.1,-0.71,1537.52,169.64,537.86,X,pHVS
3,J093750.49+520739.33,2684180350539687936,J093750.49+520739.33,-0.59,3.235377073287964,,5.2,4.48,50.03,7.9,-0.59,689.33,101.2,542.68,,pHVS
3,J095549.51+004537.44,3211158143618803712,J095549.51+004537.44,-0.14,1.714921474456787,,2.25,5.51,65.45,6.01,-0.14,744.21,52.22,560.16,,pHVS
3,J102021.54+270203.37,3671633345382555648,J102021.54+270203.37,-0.62,6.174463272094727,,18.48,3.8,48.57,4.64,-0.62,1579.27,158.17,524.46,X,pHVS
3,J102830.90+231840.71,2644751863081101312,J102830.90+231840.71,-0.71,2.0522708892822266,,22.57,28.7,122.42,5.38,-0.71,979.83,92.63,556.05,X,pHVS
3,J112559.91+160633.94,2813704201610225664,J112559.91+160633.94,-0.77,2.081930160522461,,18.05,20.37,43.63,6.73,-0.77,581.09,55.87,560.26,,pHVS
3,J112723.06+265823.25,3627731769912041472,J112723.06+265823.25,-0.73,6.903537273406982,,20.7,27.38,43.86,6.43,-0.73,1279.08,193.77,525.65,X,pHVS
3,J113125.40-082246.17,3238102502587000832,J113125.40-082246.17,-0.44,5.502503395080566,,20.3,4.11,22.13,5.73,-0.44,627.38,114.88,546.98,,pHVS
3,J131300.50+003337.45,3294521743481268224,J131300.50+003337.45,-0.53,5.144369125366211,,32.28,3.7,21.42,5.32,-0.53,664.15,107.42,561.11,,pHVS
3,J133729.27+665608.94,2752976256923363328,J133729.27+665608.94,-0.7,0.88349449634552,,7.23,3.81,127.2,5.76,-0.7,640.17,45.16,567.17,X,pHVS
3,J142411.12+572228.35,2867745468648024064,J142411.12+572228.35,-0.66,3.7742834091186523,,17.99,7.17,31.9,4.58,-0.66,591.3,73.23,552.73,,pHVS
3,J172441.15+633905.66,2872241932103346176,J172441.15+633905.66,-0.38,2.502817153930664,*,15,6.52,68.36,4.46,-0.38,959.89,72.79,563.3,X,pHVS
3,J173331.93+080006.44,3172818725397096448,J173331.93+080006.44,-0.46,4.041904926300049,,21.22,1.85,37.53,4.24,-0.46,998.94,93.46,602.02,,pHVS
3,J180225.43+241605.65,2471455369914771456,J180225.43+241605.65,-0.58,2.9179580211639404,,23.23,4.14,50.01,3.73,-0.58,911.75,63.78,585.73,,pHVS
3,J182833.45+203426.74,2862094803548530688,J182833.45+203426.74,-0.65,4.178987979888916,,26.85,3.82,24.47,5.48,-0.65,754.65,99.71,591.66,,pHVS
3,J183614.43+214528.91,2862210252269447168,J183614.43+214528.91,-0.22,6.035164833068848,,4.49,4.7,30.74,9.25,-0.22,1087.41,215.86,588.05,X,pHVS
3,J192443.96+372850.01,3176181028213595136,J192443.96+372850.01,-0.38,4.601155757904053,,12.09,4.34,81.25,3.95,-0.38,2315.46,204.87,572.91,,pHVS
3,J201903.50+605636.89,2886976482779883520,J201903.50+605636.89,-0.72,4.309081554412842,,29.21,3.91,59.58,3.79,-0.72,1559.08,150.83,554.33,,pHVS
3,J201944.82-130424.20,3531996190755364864,J201944.82-130424.20,-0.52,3.3634049892425537,,10.56,4.85,44.46,5.12,-0.52,1011.54,90.04,596.01,X,pHVS
3,J202208.61-121331.04,3532089649243725824,J202208.61-121331.04,-0.72,3.8871309757232666,,4.83,4.92,57.7,5.15,-0.72,988.1,117.93,597.4,X,pHVS
3,J202225.45+140602.39,2541265001994283008,J202225.45+140602.39,-0.53,3.5012238025665283,,19.85,3.75,33.19,3.95,-0.53,780.74,68.48,585.4,X,pHVS
3,J203453.67+151745.02,2542412354390353920,J203453.67+151745.02,-0.58,5.75710391998291,,1412.37,4.24,17.64,15.47,-0.58,756.35,291.15,578.2,X,pHVS
3,J204114.63+154335.94,2542452486564767744,J204114.63+154335.94,-0.33,3.862997055053711,,12.97,4.22,62.78,3.59,-0.33,1317.54,116.35,581.19,X,pHVS
3,J210720.57+010344.56,2160726495281047552,J210720.57+010344.56,-0.51,3.658453941345215,,19.58,4.26,60.65,3.58,-0.51,1241.64,94.23,582.49,X,pHVS
3,J212155.72-010921.43,1713653517387851776,J212155.72-010921.43,-0.24,3.4435513019561768,,12.97,3.57,43.42,4.3,-0.24,832.56,74.72,580.54,,pHVS
3,J212353.46-002124.55,1713660664213432320,J212353.46-002124.55,-0.41,4.936020374298096,,8.4,4.58,76.93,5.02,-0.41,1813.07,174.27,577.07,,pHVS
3,J212821.84+102357.30,821947655297984512,J212821.84+102357.30,-0.07,2.0278284549713135,,8.83,4.53,58.94,5.61,-0.07,680.89,56.04,576.62,X,pHVS
3,J215649.16+462033.38,2889149943363168256,J215649.16+462033.38,-0.13,4.496477127075195,,21.86,5.81,31.86,3.94,-0.13,896.35,101.64,554.79,,pHVS
3,J215836.61+010714.78,1659697733050591232,J215836.61+010714.78,-0.41,2.749332904815674,,24.62,3.79,53.65,4.87,-0.41,692.31,72.05,574.67,X,pHVS
3,J215906.03+004044.58,418959871250032640,J215906.03+004044.58,-0.39,3.7856993675231934,,5.4,3.26,97.31,6.01,-0.39,1663.14,156.68,572.53,,pHVS
3,J215948.45+451816.99,2889107612165498880,J215948.45+451816.99,-0.72,4.3239312171936035,,32.73,4.43,31.74,4.12,-0.72,1089.7,124.37,555.79,X,pHVS
3,J220348.52-010128.84,1660781026378541056,J220348.52-010128.84,-0.63,1.4098610877990723,,6.85,5.01,70.98,5.03,-0.63,683.83,40.98,574.95,X,pHVS
3,J222147.99+001711.67,1281406364417026048,J222147.99+001711.67,-0.3,1.5375550985336304,,707.37,10,707.65,10.61,-0.3,5486.8,368.5,573.44,X,pHVS
3,J222249.23+003524.95,1288161764025853952,J222249.23+003524.95,0.19,1.8662995100021362,,1.51,4.97,59.29,5.21,0.19,719.02,52.98,573.04,X,pHVS
3,J233707.58+495357.71,2125857683012610048,J233707.58+495357.71,-0.17,3.149130344390869,,17.27,3.02,39.47,4.11,-0.17,722.37,69.85,553.56,X,pHVS
3,J234250.52+393436.02,2120165786730391552,J234250.52+393436.02,-0.6,3.776815176010132,,27.54,3.18,27.28,6.25,-0.6,663.19,92.01,549.81,X,pHVS
3,J234414.38+430403.72,2122369207344588800,J234414.38+430403.72,-0.68,3.5517935752868652,,14.68,3.24,48.51,4.27,-0.68,859.37,85.55,550.86,,pHVS
3,J235103.13+360020.55,2116755651265849344,J235103.13+360020.55,-0.22,1.4582021236419678,,3.03,4.49,68.91,5.35,-0.22,663.23,47.23,564.36,X,pHVS
4,J001720.40+343634.12,1652880762065676288,J001720.40+343634.12,-0.58,4.372861385345459,,25.63,6.34,31.25,8.12,-0.58,853.16,137.61,542.95,X,pHVS
4,J002439.00-093916.87,2152858390961874944,J002439.00-093916.87,-0.41,1.766018033027649,,312.99,3.89,341.35,10.14,-0.41,3167.25,224.97,564.69,X,pHVS
4,J004948.97+153108.51,2134876427189774336,J004948.97+153108.51,-0.13,0.743534505367279,,19.78,5.77,299.61,7.93,-0.13,931.31,80.24,567.42,,pHVS
4,J012925.63-005902.43,1689993964859451392,J012925.63-005902.43,-0.53,3.956519603729248,,13.46,3.61,69.71,5.11,-0.53,1370.23,118.94,543.4,,pHVS
4,J023431.41+284438.98,2751793998807984128,J023431.41+284438.98,-0.64,6.083055019378662,,47.81,3.97,42.86,9.56,-0.64,1652.11,268.33,520.24,X,pHVS
4,J031104.34+414435.59,2721406240893724672,J031104.34+414435.59,-0.44,3.057199716567993,,33.95,3.97,88.12,7.35,-0.44,1215.82,133.83,542.62,X,pHVS
4,J031230.47+415649.00,2698886868317005824,J031230.47+415649.00,-0.16,1.2617422342300415,,25.5,4.1,133.72,11.66,-0.16,903.27,78.69,559.21,X,pHVS
4,J035429.27-061354.14,2331801167119542272,J035429.27-061354.14,-0.55,3.1607887744903564,*,21.98,6.74,46.21,7.81,-0.55,986.73,105.63,542.44,,pHVS
4,J061841.20+644628.63,2590856551497492480,J061841.20+644628.63,-0.66,2.7855188846588135,,159.39,5.58,148.18,6.8,-0.66,1989.72,164.18,545.06,,pHVS
4,J064443.12+274626.59,3033241764568786944,J064443.12+274626.59,-0.64,3.6912596225738525,,288.59,4.24,300.06,6.8,-0.64,6084.66,461.7,534.31,X,pHVS
4,J073040.22+410043.40,3041186559958214656,J073040.22+410043.40,-0.32,2.3410274982452393,,12.5,5.73,40.32,7.32,-0.32,584.8,69.04,547.01,X,pHVS
4,J073849.89+415907.92,3559063693952131072,J073849.89+415907.92,-0.44,2.1896190643310547,,109.89,4.18,169.6,11.18,-0.44,1832.98,160.2,548.6,,pHVS
4,J074140.00+171608.72,2335176937594447872,J074140.00+171608.72,-0.54,6.364922523498535,,32.49,9.05,33.26,5.42,-0.54,981.17,144.08,515.74,X,pHVS
4,J074728.85+185520.49,2335286339001411584,J074728.85+185520.49,-0.24,3.296442985534668,,68.75,9.14,58.08,8.13,-0.24,749.97,117.67,539.31,X,pHVS
4,J080930.63-075408.47,3182969413489944576,J080930.63-075408.47,-0.14,2.2001497745513916,,22.92,5.32,84.16,9.3,-0.14,823.71,101.47,553.9,,pHVS
4,J092504.84+190140.91,3734680991839657984,J092504.84+190140.91,-0.37,5.808719158172607,,24,9,42.14,6.93,-0.37,1280.21,176.74,524.26,X,pHVS
4,J095529.80+415221.37,3596212069592047616,J095529.80+415221.37,-0.64,4.555645942687988,,15.32,8.43,42.41,7.41,-0.64,822.48,137.15,533.01,X,pHVS
4,J100636.50+451652.40,3595172481297653760,J100636.50+451652.40,-0.78,3.7266857624053955,,13.49,4.93,44.45,7.89,-0.78,824.02,118.49,539.87,X,pHVS
4,J105017.84-000114.84,2881331588958808064,J105017.84-000114.84,-0.65,1.1296392679214478,,18.37,6.31,196.51,8.12,-0.65,1161.86,87.5,566.52,X,pHVS
4,J105300.43-002548.41,2892444078539040768,J105300.43-002548.41,-0.8,4.651442527770996,,54.26,4.84,344.81,6.1,-0.8,7775.56,634.2,544.65,X,pHVS
4,J110316.01+380029.06,3232534574948968448,J110316.01+380029.06,-0.36,1.548804521560669,,212.65,6.11,369.71,13.53,-0.36,2798.98,212.49,560.31,,pHVS
4,J113931.63+472307.94,1623719790407346176,J113931.63+472307.94,-0.37,1.3355789184570312,,34.93,2.64,246.48,7.53,-0.37,1572.95,120.28,562.68,,pHVS
4,J123436.68-000558.61,3287675358396049408,J123436.68-000558.61,-0.75,5.419247627258301,,20.6,5.55,63.47,6.24,-0.75,1912.5,177.67,553.39,,pHVS
4,J131425.40+415004.09,3792140645645262848,J131425.40+415004.09,-0.65,4.224440097808838,,20.37,5.62,87.27,5.9,-0.65,1570.3,162.24,549.87,,pHVS
4,J132239.99+260222.75,3719001681854308352,J132239.99+260222.75,-0.78,4.802947521209717,,16.08,8.1,43.54,6.84,-0.78,828.65,137.46,552.77,,pHVS
4,J143406.17+563047.24,3711084372812734464,J143406.17+563047.24,-0.5,1.7351139783859253,,433.3,9.42,437.58,7,-0.5,3795.14,274.4,565.09,X,pHVS
4,J160600.59+050742.39,2452299410084751360,J160600.59+050742.39,-0.52,2.4977357387542725,,15.61,4.59,49.12,6.33,-0.52,834.72,71.81,588.02,X,pHVS
4,J164601.29+205702.81,3857387590168715264,J164601.29+205702.81,-0.66,4.656764030456543,,18.3,8.78,58.29,7.61,-0.66,1179.19,163.65,584.21,,pHVS
4,J165032.70+303416.31,3918133134071275520,J165032.70+303416.31,-0.6,3.8790335655212402,,13.46,7.78,48.01,6.99,-0.6,862.65,112.83,577.39,,pHVS
4,J180956.29+232555.23,2471371257275246592,J180956.29+232555.23,-0.67,2.575953483581543,,14.97,3.78,57.61,6.15,-0.67,658.1,78.9,585.5,,pHVS
4,J183445.62+220630.69,2862206129100843008,J183445.62+220630.69,-0.18,2.0988669395446777,,43.51,4.39,71.84,12.82,-0.18,839.98,118.4,584.62,,pHVS
4,J185443.02+190540.09,3189815526465497088,J185443.02+190540.09,-0.42,2.57312273979187,,15.47,3.66,36.87,5.99,-0.42,734.02,74.49,588.36,,pHVS
4,J201920.70+594519.14,2886816778715949056,J201920.70+594519.14,-0.68,3.609769821166992,,16,3.34,46.41,5.04,-0.68,1128.02,118.35,558.94,X,pHVS
4,J203349.13+153932.88,2532238835392210944,J203349.13+153932.88,-0.45,0.8827477097511292,,330.96,5.87,341.56,7.83,-0.45,1656.26,126.26,576.62,,pHVS
4,J204900.31+154852.38,2543541265153157120,J204900.31+154852.38,-0.32,9.523979187011719,,25.6,4.96,36.9,5.16,-0.32,1855.63,262.96,552.88,,pHVS
4,J205316.53-010616.55,1151829187082872832,J205316.53-010616.55,-0.21,5.015101432800293,,37.9,1.42,400.31,9.22,-0.21,10628.51,839.2,585.19,,pHVS
4,J211821.44+000955.26,1713726360033191936,J211821.44+000955.26,-0.52,4.230495452880859,,26.96,5.24,45.36,6.67,-0.52,881.37,130.43,579.89,,pHVS
4,J213206.91+002644.79,2210255939003587584,J213206.91+002644.79,-0.64,3.5623831748962402,,18.77,6.28,41.71,7.33,-0.64,622.28,103.02,578.05,,pHVS
4,J213616.03+745923.91,2866687750340372480,J213616.03+745923.91,-0.12,1.0152497291564941,,369.35,5.96,369.8,11,-0.12,2671.18,196.39,566.76,X,pHVS
4,J225842.81+063935.96,2617768204306507776,J225842.81+063935.96,-0.31,3.22794246673584,,20.93,5.62,32.13,6.55,-0.31,585.52,79.09,563.64,X,pHVS
4,J233604.89+495742.45,2126940976860653568,J232939.29+493558.21,-0.69,3.4868128299713135,,21.79,3.35,75.17,7.05,-0.64,1677.82,166.27,549.37,,pHVS
4,J233901.30+492300.94,2126986331715299328,J233901.30+492300.94,-0.18,3.4761276245117188,,18.8,3.14,34.8,7.98,-0.18,896.76,142.33,551.28,X,pHVS
4,J233942.12+082827.22,2952153604909197312,J233942.12+082827.22,-0.64,2.1389431953430176,,12.71,4.95,71.74,5.37,-0.64,638.27,68.63,563.91,,pHVS
NA,J000613.77-051228.28,,,,,,4.02,6.76,19.48,3.28,-0.77,NA,NA,NA,NA,pHILLS
NA,J000650.47-071035.21,,,,,,4.22,7.09,26.78,3.58,-0.64,NA,NA,NA,NA,pHILLS
NA,J113946.33-033651.63,369363652328843264,J113946.33-033651.63,-0.5,0.7538972496986389,,1.61,12.62,68.38,3.62,-0.5,NA,NA,NA,NA,pHILLS
NA,J131247.03-011414.01,3294410692806862848,J131251.01-004654.75,-0.75,2.705836534500122,,4.2,14.36,31.81,4.21,-0.67,NA,NA,NA,NA,pHILLS
NA,J135855.65+552538.19,1490784712078157824,J135855.65+552538.19,-0.78,1.5614345073699951,,4.42,13.33,60.24,3.78,-0.78,NA,NA,NA,NA,pHILLS
NA,J142648.59+563316.32,2755251145222940672,J142648.59+563316.32,-0.61,2.1683549880981445,,8.85,13.98,19.82,3.9,-0.61,NA,NA,NA,NA,pHILLS
NA,J160403.12+332931.07,,,,,,0.94,10.66,10.12,3.59,-0.71,NA,NA,NA,NA,pHILLS
NA,J165150.71+242750.95,2454598763507902464,J165150.71+242750.95,-0.64,0.6750282645225525,,3.26,7.33,56.55,3.76,-0.64,NA,NA,NA,NA,pHILLS
NA,J171543.37+431736.88,,,,,,12.52,4.17,14.27,3.73,-0.6,NA,NA,NA,NA,pHILLS
NA,J182730.89+211433.40,,,,,,2.66,9.32,3.09,4.11,0.08,NA,NA,NA,NA,pHILLS
NA,J233657.12-002138.79,2126980559279253504,J233604.89+495742.45,-0.64,3.7855982780456543,,5.38,18.63,13.32,3.62,-0.77,NA,NA,NA,NA,pHILLS
